simulation_name,n_variants,n_steps,cpu_time,gpu_time,gpu_win,speed_difference,gpu_utilization,avg_cpu_usage,gpu_cpu_ratio
ball,32,100,0.3433744429930812,3.5342201230087085,worse,929,1,3.1578125,0.08855346714268186
ball,1024,100,1.3045333539921558,3.583813860997907,worse,174,2,25.4828125,0.2668659357894666
ball,2056,100,1.360093480994692,3.890084229002241,worse,186,3,70.96249999999999,0.2590566560070757
ball,4096,100,1.3559133910021046,4.565825279001729,worse,236,3,65.17187499999997,0.2289721763424638
ball,8192,100,1.5722114750096807,3.748035420998349,worse,138,5,53.67578125,0.2955147581946558
ball,16384,100,1.7219341240124777,4.049193621991435,worse,135,9,76.7734375,0.2983704745064415
ball,32768,100,2.3790359889972024,4.021522566996282,worse,69,19,73.04843749999999,0.37169193409995016
ball,65536,100,3.3043736609979533,3.8155861260020174,worse,15,40,62.08750000000001,0.4641000454849854
ball,131072,100,5.513932543995907,3.7404593129904242,better,47,76,46.78656250000001,0.5958179239874444
ball,256000,100,9.578522479001549,4.350625434002723,better,120,100,47.77828124999999,0.6876603320479515

simulation_name,total_time,combined_cpu_time,combined_gpu_time,combined_avg_cpu_usage,combined_gpu_utilization,gpu_cpu_ratio,n_gpu_variants,n_cpu_variants
ball,9.965467773989076,0.3204183310008375,3.887401698011672,4.871875,1,0.08855346714268186,2,30
ball,9.780684060999192,0.8916517479956383,3.974911854005768,22.807812499999986,2,0.2668659357894666,273,751
ball,10.490726250005537,0.902992716000881,4.249542364006629,25.082812500000003,1,0.2590566560070757,532,1524
ball,10.808584940008586,0.9021195590030402,4.1771761489944765,10.890625000000002,2,0.2289721763424638,937,3159
ball,10.579995425010566,0.9848854270094307,4.089827575997333,42.23125000000001,2,0.2955147581946558,2420,5772
ball,10.681656409011339,1.1021543730021222,4.174893278002855,52.779687500000016,4,0.2983704745064415,4888,11496
ball,10.773171405991889,1.290740205993643,3.9472093700023834,47.06249999999999,7,0.37169193409995016,12179,20589
ball,11.189829494003789,1.6625735700072255,4.249041935996502,53.553124999999994,15,0.4641000454849854,30415,35121
ball,11.633950986011769,2.036570791999111,4.252999907999765,46.34453125,39,0.5958179239874444,78095,52977
ball,12.172775213999557,2.680379747005645,4.441780175999156,54.0453125,95,0.6876603320479515,176041,79959
